id_a	id_b	id_merged	freq	tok1	tok2	merged
10	114	533	23	'.'	' So'	'. So'
10	119	534	17	'.'	' Let'	'. Let'
9	140	535	16	'-'	'check'	'-check'
142	535	536	15	' double'	'-check'	' double-check'
8	141	537	14	','	' so'	', so'
534	100	538	14	'. Let'	' me'	'. Let me'
100	536	539	14	' me'	' double-check'	' me double-check'
8	69	540	13	','	'\n'	',\n'
43	14	541	12	'^'	'2'	'^2'
533	77	542	12	'. So'	' the'	'. So the'
8	116	543	11	','	' and'	', and'
538	142	544	11	'. Let me'	' double'	'. Let me double'
119	539	545	11	' Let'	' me double-check'	' Let me double-check'
544	9	546	11	'. Let me double'	'-'	'. Let me double-'
10	545	547	11	'.'	' Let me double-check'	'. Let me double-check'
546	140	548	11	'. Let me double-'	'check'	'. Let me double-check'
10	69	549	10	'.'	'\n'	'.\n'
74	11	550	10	' 1'	'/'	' 1/'
146	77	551	10	' have'	' the'	' have the'
158	551	552	10	"'t"	' have the'	"'t have the"
185	138	553	9	' about'	' this'	' about this'
5	75	554	9	')'	' ='	') ='
8	157	555	9	','	' let'	', let'
78	11	556	9	' 2'	'/'	' 2/'
133	137	557	8	' step'	' by'	' step by'
78	43	558	8	' 2'	'^'	' 2^'
557	133	559	8	' step by'	' step'	' step by step'
2	124	560	7	'%'	' of'	'% of'
270	138	561	6	' through'	' this'	' through this'
10	122	562	6	'.'	' A'	'. A'
115	74	563	6	' +'	' 1'	' + 1'
93	127	564	6	'Let'	"'s"	"Let's"
10	267	565	6	'.'	' Then'	'. Then'
155	77	566	6	' has'	' the'	' has the'
9	13	567	6	'-'	'1'	'-1'
541	75	568	6	'^2'	' ='	'^2 ='
547	22	569	6	'. Let me double-check'	':'	'. Let me double-check:'
548	22	570	6	'. Let me double-check'	':'	'. Let me double-check:'
550	15	571	6	' 1/'	'3'	' 1/3'
229	552	572	6	' doesn'	"'t have the"	" doesn't have the"
567	24	573	6	'-1'	'='	'-1='
10	165	574	5	'.'	' The'	'. The'
271	83	575	5	' answer'	' is'	' answer is'
10	295	576	5	'.'	' Is'	'. Is'
297	137	577	5	' divisible'	' by'	' divisible by'
10	17	578	5	'.'	'5'	'.5'
18	75	579	5	'6'	' ='	'6 ='
206	553	580	5	' think'	' about this'	' think about this'
555	127	581	5	', let'	"'s"	", let's"
559	10	582	5	' step by step'	'.'	' step by step.'
563	75	583	5	' + 1'	' ='	' + 1 ='
77	575	584	5	' the'	' answer is'	' the answer is'
93	100	585	4	'Let'	' me'	'Let me'
249	10	586	4	' 0'	'.'	' 0.'
183	75	587	4	' x'	' ='	' x ='
260	145	588	4	' per'	' hour'	' per hour'
10	341	589	4	'.'	' Hour'	'. Hour'
11	21	590	4	'/'	'9'	'/9'
76	69	591	4	' a'	'\n'	' a\n'
77	69	592	4	' the'	'\n'	' the\n'
10	332	593	4	'.'	' Both'	'. Both'
77	163	594	4	' the'	' fish'	' the fish'
146	594	595	5	' have'	' the fish'	' have the fish'
95	4	596	4	' f'	'('	' f('
135	74	597	4	' -'	' 1'	' - 1'
542	271	598	4	'. So the'	' answer'	'. So the answer'
549	93	599	4	'.\n'	'Let'	'.\nLet'
555	100	600	4	', let'	' me'	', let me'
560	281	601	4	'% of'	' 250'	'% of 250'
340	561	602	4	' work'	' through this'	' work through this'
564	206	603	4	"Let's"	' think'	"Let's think"
11	579	604	4	'/'	'6 ='	'/6 ='
114	584	605	4	' So'	' the answer is'	' So the answer is'
158	595	606	4	"'t"	' have the fish'	"'t have the fish"
598	83	607	4	'. So the answer'	' is'	'. So the answer is'
127	602	608	4	"'s"	' work through this'	"'s work through this"
10	605	609	4	'.'	' So the answer is'	'. So the answer is'
135	183	610	3	' -'	' x'	' - x'
8	342	611	3	','	' which'	', which'
75	334	612	3	' ='	' 57'	' = 57'
5	169	613	3	')'	' /'	') /'
220	75	614	3	' 11'	' ='	' 11 ='
10	392	615	3	'.'	' That'	'. That'
25	119	616	3	'?'	' Let'	'? Let'
8	396	617	3	','	' total'	', total'
230	83	618	3	' 91'	' is'	' 91 is'
199	118	619	3	' 7'	' *'	' 7 *'
11	159	620	3	'/'	'10'	'/10'
0	118	621	3	'!'	' *'	'! *'
0	75	622	3	'!'	' ='	'! ='
77	331	623	3	' the'	' length'	' the length'
407	298	624	3	' even'	' numbers'	' even numbers'
69	14	625	3	'\n'	'2'	'\n2'
223	8	626	3	' cat'	','	' cat,'
10	400	627	3	'.'	' If'	'. If'
69	318	628	3	'\n'	'the'	'\nthe'
10	403	629	3	'.'	' What'	'. What'
135	144	630	3	' -'	' 12'	' - 12'
10	18	631	3	'.'	'6'	'.6'
269	122	632	3	' Pipe'	' A'	' Pipe A'
269	128	633	3	' Pipe'	' B'	' Pipe B'
115	176	634	3	' +'	' 64'	' + 64'
537	78	635	3	', so'	' 2'	', so 2'
541	135	636	3	'^2'	' -'	'^2 -'
550	18	637	3	' 1/'	'6'	' 1/6'
291	551	638	3	' not'	' have the'	' not have the'
285	552	639	3	' can'	"'t have the"	" can't have the"
554	78	640	3	') ='	' 2'	') = 2'
556	236	641	3	' 2/'	'15'	' 2/15'
558	159	642	3	' 2^'	'10'	' 2^10'
8	558	643	3	','	' 2^'	', 2^'
179	566	644	3	' Bob'	' has the'	' Bob has the'
576	172	645	3	'. Is'	' it'	'. Is it'
577	86	646	3	' divisible by'	' 3'	' divisible by 3'
263	578	647	3	' 42'	'.5'	' 42.5'
100	580	648	3	' me'	' think about this'	' me think about this'
345	581	649	3	'Okay'	", let's"	"Okay, let's"
337	582	650	3	' problem'	' step by step.'	' problem step by step.'
585	206	651	3	'Let me'	' think'	'Let me think'
69	585	652	3	'\n'	'Let me'	'\nLet me'
594	10	653	3	' the fish'	'.'	' the fish.'
596	16	654	3	' f('	'4'	' f(4'
159	597	655	3	'10'	' - 1'	'10 - 1'
599	100	656	3	'.\nLet'	' me'	'.\nLet me'
601	83	657	3	'% of 250'	' is'	'% of 250 is'
606	8	658	3	"'t have the fish"	','	"'t have the fish,"
157	608	659	3	' let'	"'s work through this"	" let's work through this"
619	254	660	3	' 7 *'	' 13'	' 7 * 13'
77	626	661	3	' the'	' cat,'	' the cat,'
629	83	662	3	'. What'	' is'	'. What is'
634	75	663	3	' + 64'	' ='	' + 64 ='
641	10	664	3	' 2/15'	'.'	' 2/15.'
642	135	665	3	' 2^10'	' -'	' 2^10 -'
647	10	666	3	' 42.5'	'.'	' 42.5.'
649	340	667	3	"Okay, let's"	' work'	"Okay, let's work"
10	652	668	3	'.'	'\nLet me'	'.\nLet me'
654	5	669	3	' f(4'	')'	' f(4)'
43	655	670	3	'^'	'10 - 1'	'^10 - 1'
8	659	671	3	','	" let's work through this"	", let's work through this"
665	74	672	3	' 2^10 -'	' 1'	' 2^10 - 1'
667	270	673	3	"Okay, let's work"	' through'	"Okay, let's work through"
78	670	674	3	' 2'	'^10 - 1'	' 2^10 - 1'
345	671	675	3	'Okay'	", let's work through this"	"Okay, let's work through this"
673	138	676	3	"Okay, let's work through"	' this'	"Okay, let's work through this"
10	402	677	2	'.'	' We'	'. We'
504	156	678	2	' need'	' to'	' need to'
69	61	679	2	'\n'	's'	'\ns'
83	256	680	2	' is'	' 24'	' is 24'
256	66	681	2	' 24'	'x'	' 24x'
6	13	682	2	'*'	'1'	'*1'
78	8	683	2	' 2'	','	' 2,'
116	254	684	2	' and'	' 13'	' and 13'
387	268	685	2	' 60'	' miles'	' 60 miles'
219	77	686	2	' in'	' the'	' in the'
466	111	687	2	' after'	' 4'	' after 4'
69	55	688	2	'\n'	'm'	'\nm'
77	420	689	2	' the'	' arithmetic'	' the arithmetic'
115	329	690	2	' +'	' 40'	' + 40'
421	499	691	2	' check'	' divisibility'	' check divisibility'
25	461	692	2	'?'	' No'	'? No'
8	172	693	2	','	' it'	', it'
75	136	694	2	' ='	' 10'	' = 10'
75	230	695	2	' ='	' 91'	' = 91'
10	462	696	2	'.'	' Yes'	'. Yes'
291	301	697	2	' not'	' prime'	' not prime'
518	10	698	2	' composite'	'.'	' composite.'
8	481	699	2	','	' what'	', what'
255	69	700	2	' are'	'\n'	' are\n'
25	514	701	2	'?'	' First'	'? First'
22	294	702	2	':'	' probability'	': probability'
124	338	703	2	' of'	' red'	' of red'
69	47	704	2	'\n'	'd'	'\nd'
294	83	705	2	' probability'	' is'	' probability is'
532	156	706	2	'implifies'	' to'	'implifies to'
8	369	707	2	','	' E'	', E'
526	412	708	2	' appears'	' twice'	' appears twice'
530	69	709	2	' distinct'	'\n'	' distinct\n'
0	169	710	2	'!'	' /'	'! /'
198	14	711	2	' ('	'2'	' (2'
424	75	712	2	'!)'	' ='	'!) ='
395	169	713	2	' 120'	' /'	' 120 /'
111	75	714	2	' 4'	' ='	' 4 ='
111	8	715	2	' 4'	','	' 4,'
488	155	716	2	'angle'	' has'	'angle has'
380	116	717	2	' cm'	' and'	' cm and'
78	65	718	2	' 2'	'w'	' 2w'
78	4	719	2	' 2'	'('	' 2('
75	258	720	2	' ='	' 36'	' = 36'
105	10	721	2	' 6'	'.'	' 6.'
83	144	722	2	' is'	' 12'	' is 12'
124	69	723	2	' of'	'\n'	' of\n'
411	124	724	2	' sum'	' of'	' sum of'
8	525	725	2	','	' ...'	', ...'
12	10	726	2	'0'	'.'	'0.'
517	83	727	2	' This'	' is'	' This is'
186	118	728	2	' 20'	' *'	' 20 *'
280	75	729	2	' 21'	' ='	' 21 ='
76	410	730	2	' a'	' different'	' a different'
4	56	731	2	'('	'n'	'(n'
7	13	732	2	'+'	'1'	'+1'
